Title,Due Date,Notes,List,,The Bible Recap
Genesis 1,2026-01-01,,The Bible Recap
Genesis 2,2026-01-01,,The Bible Recap
Genesis 3,2026-01-01,,The Bible Recap
Genesis 4,2026-01-02,,The Bible Recap
Genesis 5,2026-01-02,,The Bible Recap
Genesis 6,2026-01-02,,The Bible Recap
Genesis 7,2026-01-02,,The Bible Recap
Genesis 8,2026-01-03,,The Bible Recap
Genesis 9,2026-01-03,,The Bible Recap
Genesis 10,2026-01-03,,The Bible Recap
Genesis 11,2026-01-03,,The Bible Recap
Job 1,2026-01-04,,The Bible Recap
Job 2,2026-01-04,,The Bible Recap
Job 3,2026-01-04,,The Bible Recap
Job 4,2026-01-04,,The Bible Recap
Job 5,2026-01-04,,The Bible Recap
Job 6,2026-01-05,,The Bible Recap
Job 7,2026-01-05,,The Bible Recap
Job 8,2026-01-05,,The Bible Recap
Job 9,2026-01-05,,The Bible Recap
Job 10,2026-01-06,,The Bible Recap
Job 11,2026-01-06,,The Bible Recap
Job 12,2026-01-06,,The Bible Recap
Job 13,2026-01-06,,The Bible Recap
Job 14,2026-01-07,,The Bible Recap
Job 15,2026-01-07,,The Bible Recap
Job 16,2026-01-07,,The Bible Recap
Job 17,2026-01-08,,The Bible Recap
Job 18,2026-01-08,,The Bible Recap
Job 19,2026-01-08,,The Bible Recap
Job 20,2026-01-08,,The Bible Recap
Job 21,2026-01-09,,The Bible Recap
Job 22,2026-01-09,,The Bible Recap
Job 23,2026-01-09,,The Bible Recap
Job 24,2026-01-10,,The Bible Recap
Job 25,2026-01-10,,The Bible Recap
Job 26,2026-01-10,,The Bible Recap
Job 27,2026-01-10,,The Bible Recap
Job 28,2026-01-10,,The Bible Recap
Job 29,2026-01-11,,The Bible Recap
Job 30,2026-01-11,,The Bible Recap
Job 31,2026-01-11,,The Bible Recap
Job 32,2026-01-12,,The Bible Recap
Job 33,2026-01-12,,The Bible Recap
Job 34,2026-01-12,,The Bible Recap
Job 35,2026-01-13,,The Bible Recap
Job 36,2026-01-13,,The Bible Recap
Job 37,2026-01-13,,The Bible Recap
Job 38,2026-01-14,,The Bible Recap
Job 39,2026-01-14,,The Bible Recap
Job 40,2026-01-15,,The Bible Recap
Job 41,2026-01-15,,The Bible Recap
Job 42,2026-01-15,,The Bible Recap
Genesis 12,2026-01-16,,The Bible Recap
Genesis 13,2026-01-16,,The Bible Recap
Genesis 14,2026-01-16,,The Bible Recap
Genesis 15,2026-01-16,,The Bible Recap
Genesis 16,2026-01-17,,The Bible Recap
Genesis 17,2026-01-17,,The Bible Recap
Genesis 18,2026-01-17,,The Bible Recap
Genesis 19,2026-01-18,,The Bible Recap
Genesis 20,2026-01-18,,The Bible Recap
Genesis 21,2026-01-18,,The Bible Recap
Genesis 22,2026-01-19,,The Bible Recap
Genesis 23,2026-01-19,,The Bible Recap
Genesis 24,2026-01-19,,The Bible Recap
Genesis 25,2026-01-20,,The Bible Recap
Genesis 26,2026-01-20,,The Bible Recap
Genesis 27,2026-01-21,,The Bible Recap
Genesis 28,2026-01-21,,The Bible Recap
Genesis 29,2026-01-21,,The Bible Recap
Genesis 30,2026-01-22,,The Bible Recap
Genesis 31,2026-01-22,,The Bible Recap
Genesis 32,2026-01-23,,The Bible Recap
Genesis 33,2026-01-23,,The Bible Recap
Genesis 34,2026-01-23,,The Bible Recap
Genesis 35,2026-01-24,,The Bible Recap
Genesis 36,2026-01-24,,The Bible Recap
Genesis 37,2026-01-24,,The Bible Recap
Genesis 38,2026-01-25,,The Bible Recap
Genesis 39,2026-01-25,,The Bible Recap
Genesis 40,2026-01-25,,The Bible Recap
Genesis 41,2026-01-26,,The Bible Recap
Genesis 42,2026-01-26,,The Bible Recap
Genesis 43,2026-01-27,,The Bible Recap
Genesis 44,2026-01-27,,The Bible Recap
Genesis 45,2026-01-27,,The Bible Recap
Genesis 46,2026-01-28,,The Bible Recap
Genesis 47,2026-01-28,,The Bible Recap
Genesis 48,2026-01-29,,The Bible Recap
Genesis 49,2026-01-29,,The Bible Recap
Genesis 50,2026-01-29,,The Bible Recap
Exodus 1,2026-01-30,,The Bible Recap
Exodus 2,2026-01-30,,The Bible Recap
Exodus 3,2026-01-30,,The Bible Recap
Exodus 4,2026-01-31,,The Bible Recap
Exodus 5,2026-01-31,,The Bible Recap
Exodus 6,2026-01-31,,The Bible Recap
Exodus 7,2026-02-01,,The Bible Recap
Exodus 8,2026-02-01,,The Bible Recap
Exodus 9,2026-02-01,,The Bible Recap
Exodus 10,2026-02-02,,The Bible Recap
Exodus 11,2026-02-02,,The Bible Recap
Exodus 12,2026-02-02,,The Bible Recap
Exodus 13,2026-02-03,,The Bible Recap
Exodus 14,2026-02-03,,The Bible Recap
Exodus 15,2026-02-03,,The Bible Recap
Exodus 16,2026-02-04,,The Bible Recap
Exodus 17,2026-02-04,,The Bible Recap
Exodus 18,2026-02-04,,The Bible Recap
Exodus 19,2026-02-05,,The Bible Recap
Exodus 20,2026-02-05,,The Bible Recap
Exodus 21,2026-02-05,,The Bible Recap
Exodus 22,2026-02-06,,The Bible Recap
Exodus 23,2026-02-06,,The Bible Recap
Exodus 24,2026-02-06,,The Bible Recap
Exodus 25,2026-02-07,,The Bible Recap
Exodus 26,2026-02-07,,The Bible Recap
Exodus 27,2026-02-07,,The Bible Recap
Exodus 28,2026-02-08,,The Bible Recap
Exodus 29,2026-02-08,,The Bible Recap
Exodus 30,2026-02-09,,The Bible Recap
Exodus 31,2026-02-09,,The Bible Recap
Exodus 32,2026-02-09,,The Bible Recap
Exodus 33,2026-02-10,,The Bible Recap
Exodus 34,2026-02-10,,The Bible Recap
Exodus 35,2026-02-10,,The Bible Recap
Exodus 36,2026-02-11,,The Bible Recap
Exodus 37,2026-02-11,,The Bible Recap
Exodus 38,2026-02-11,,The Bible Recap
Exodus 39,2026-02-12,,The Bible Recap
Exodus 40,2026-02-12,,The Bible Recap
Leviticus 1,2026-02-13,,The Bible Recap
Leviticus 2,2026-02-13,,The Bible Recap
Leviticus 3,2026-02-13,,The Bible Recap
Leviticus 4,2026-02-13,,The Bible Recap
Leviticus 5,2026-02-14,,The Bible Recap
Leviticus 6,2026-02-14,,The Bible Recap
Leviticus 7,2026-02-14,,The Bible Recap
Leviticus 8,2026-02-15,,The Bible Recap
Leviticus 9,2026-02-15,,The Bible Recap
Leviticus 10,2026-02-15,,The Bible Recap
Leviticus 11,2026-02-16,,The Bible Recap
Leviticus 12,2026-02-16,,The Bible Recap
Leviticus 13,2026-02-16,,The Bible Recap
Leviticus 14,2026-02-17,,The Bible Recap
Leviticus 15,2026-02-17,,The Bible Recap
Leviticus 16,2026-02-18,,The Bible Recap
Leviticus 17,2026-02-18,,The Bible Recap
Leviticus 18,2026-02-18,,The Bible Recap
Leviticus 19,2026-02-19,,The Bible Recap
Leviticus 20,2026-02-19,,The Bible Recap
Leviticus 21,2026-02-19,,The Bible Recap
Leviticus 22,2026-02-20,,The Bible Recap
Leviticus 23,2026-02-20,,The Bible Recap
Leviticus 24,2026-02-21,,The Bible Recap
Leviticus 25,2026-02-21,,The Bible Recap
Leviticus 26,2026-02-22,,The Bible Recap
Leviticus 27,2026-02-22,,The Bible Recap
Numbers 1,2026-02-23,,The Bible Recap
Numbers 2,2026-02-23,,The Bible Recap
Numbers 3,2026-02-24,,The Bible Recap
Numbers 4,2026-02-24,,The Bible Recap
Numbers 5,2026-02-25,,The Bible Recap
Numbers 6,2026-02-25,,The Bible Recap
Numbers 7,2026-02-26,,The Bible Recap
Numbers 8,2026-02-27,,The Bible Recap
Numbers 9,2026-02-27,,The Bible Recap
Numbers 10,2026-02-27,,The Bible Recap
Numbers 11,2026-02-28,,The Bible Recap
Numbers 12,2026-02-28,,The Bible Recap
Numbers 13,2026-02-28,,The Bible Recap
Numbers 14,2026-03-01,,The Bible Recap
Numbers 15,2026-03-01,,The Bible Recap
Psalms 90,2026-03-01,,The Bible Recap
Numbers 16,2026-03-02,,The Bible Recap
Numbers 17,2026-03-02,,The Bible Recap
Numbers 18,2026-03-03,,The Bible Recap
Numbers 19,2026-03-03,,The Bible Recap
Numbers 20,2026-03-03,,The Bible Recap
Numbers 21,2026-03-04,,The Bible Recap
Numbers 22,2026-03-04,,The Bible Recap
Numbers 23,2026-03-05,,The Bible Recap
Numbers 24,2026-03-05,,The Bible Recap
Numbers 25,2026-03-05,,The Bible Recap
Numbers 26,2026-03-06,,The Bible Recap
Numbers 27,2026-03-06,,The Bible Recap
Numbers 28,2026-03-07,,The Bible Recap
Numbers 29,2026-03-07,,The Bible Recap
Numbers 30,2026-03-07,,The Bible Recap
Numbers 31,2026-03-08,,The Bible Recap
Numbers 32,2026-03-08,,The Bible Recap
Numbers 33,2026-03-09,,The Bible Recap
Numbers 34,2026-03-09,,The Bible Recap
Numbers 35,2026-03-10,,The Bible Recap
Numbers 36,2026-03-10,,The Bible Recap
Deuteronomy 1,2026-03-11,,The Bible Recap
Deuteronomy 2,2026-03-11,,The Bible Recap
Deuteronomy 3,2026-03-12,,The Bible Recap
Deuteronomy 4,2026-03-12,,The Bible Recap
Deuteronomy 5,2026-03-13,,The Bible Recap
Deuteronomy 6,2026-03-13,,The Bible Recap
Deuteronomy 7,2026-03-13,,The Bible Recap
Deuteronomy 8,2026-03-14,,The Bible Recap
Deuteronomy 9,2026-03-14,,The Bible Recap
Deuteronomy 10,2026-03-14,,The Bible Recap
Deuteronomy 11,2026-03-15,,The Bible Recap
Deuteronomy 12,2026-03-15,,The Bible Recap
Deuteronomy 13,2026-03-15,,The Bible Recap
Deuteronomy 14,2026-03-16,,The Bible Recap
Deuteronomy 15,2026-03-16,,The Bible Recap
Deuteronomy 16,2026-03-16,,The Bible Recap
Deuteronomy 17,2026-03-17,,The Bible Recap
Deuteronomy 18,2026-03-17,,The Bible Recap
Deuteronomy 19,2026-03-17,,The Bible Recap
Deuteronomy 20,2026-03-17,,The Bible Recap
Deuteronomy 21,2026-03-18,,The Bible Recap
Deuteronomy 22,2026-03-18,,The Bible Recap
Deuteronomy 23,2026-03-18,,The Bible Recap
Deuteronomy 24,2026-03-19,,The Bible Recap
Deuteronomy 25,2026-03-19,,The Bible Recap
Deuteronomy 26,2026-03-19,,The Bible Recap
Deuteronomy 27,2026-03-19,,The Bible Recap
Deuteronomy 28,2026-03-20,,The Bible Recap
Deuteronomy 29,2026-03-20,,The Bible Recap
Deuteronomy 30,2026-03-21,,The Bible Recap
Deuteronomy 31,2026-03-21,,The Bible Recap
Deuteronomy 32,2026-03-22,,The Bible Recap
Deuteronomy 33,2026-03-22,,The Bible Recap
Deuteronomy 34,2026-03-22,,The Bible Recap
Psalms 91,2026-03-22,,The Bible Recap
Joshua 1,2026-03-23,,The Bible Recap
Joshua 2,2026-03-23,,The Bible Recap
Joshua 3,2026-03-23,,The Bible Recap
Joshua 4,2026-03-23,,The Bible Recap
Joshua 5,2026-03-24,,The Bible Recap
Joshua 6,2026-03-24,,The Bible Recap
Joshua 7,2026-03-24,,The Bible Recap
Joshua 8,2026-03-24,,The Bible Recap
Joshua 9,2026-03-25,,The Bible Recap
Joshua 10,2026-03-25,,The Bible Recap
Joshua 11,2026-03-25,,The Bible Recap
Joshua 12,2026-03-26,,The Bible Recap
Joshua 13,2026-03-26,,The Bible Recap
Joshua 14,2026-03-26,,The Bible Recap
Joshua 15,2026-03-26,,The Bible Recap
Joshua 16,2026-03-27,,The Bible Recap
Joshua 17,2026-03-27,,The Bible Recap
Joshua 18,2026-03-27,,The Bible Recap
Joshua 19,2026-03-28,,The Bible Recap
Joshua 20,2026-03-28,,The Bible Recap
Joshua 21,2026-03-28,,The Bible Recap
Joshua 22,2026-03-29,,The Bible Recap
Joshua 23,2026-03-29,,The Bible Recap
Joshua 24,2026-03-29,,The Bible Recap
Judges 1,2026-03-30,,The Bible Recap
Judges 2,2026-03-30,,The Bible Recap
Judges 3,2026-03-31,,The Bible Recap
Judges 4,2026-03-31,,The Bible Recap
Judges 5,2026-03-31,,The Bible Recap
Judges 6,2026-04-01,,The Bible Recap
Judges 7,2026-04-01,,The Bible Recap
Judges 8,2026-04-02,,The Bible Recap
Judges 9,2026-04-02,,The Bible Recap
Judges 10,2026-04-03,,The Bible Recap
Judges 11,2026-04-03,,The Bible Recap
Judges 12,2026-04-03,,The Bible Recap
Judges 13,2026-04-04,,The Bible Recap
Judges 14,2026-04-04,,The Bible Recap
Judges 15,2026-04-04,,The Bible Recap
Judges 16,2026-04-05,,The Bible Recap
Judges 17,2026-04-05,,The Bible Recap
Judges 18,2026-04-05,,The Bible Recap
Judges 19,2026-04-06,,The Bible Recap
Judges 20,2026-04-06,,The Bible Recap
Judges 21,2026-04-06,,The Bible Recap
Ruth 1,2026-04-07,,The Bible Recap
Ruth 2,2026-04-07,,The Bible Recap
Ruth 3,2026-04-07,,The Bible Recap
Ruth 4,2026-04-07,,The Bible Recap
1 Samuel 1,2026-04-08,,The Bible Recap
1 Samuel 2,2026-04-08,,The Bible Recap
1 Samuel 3,2026-04-08,,The Bible Recap
1 Samuel 4,2026-04-09,,The Bible Recap
1 Samuel 5,2026-04-09,,The Bible Recap
1 Samuel 6,2026-04-09,,The Bible Recap
1 Samuel 7,2026-04-09,,The Bible Recap
1 Samuel 8,2026-04-09,,The Bible Recap
1 Samuel 9,2026-04-10,,The Bible Recap
1 Samuel 10,2026-04-10,,The Bible Recap
1 Samuel 11,2026-04-10,,The Bible Recap
1 Samuel 12,2026-04-10,,The Bible Recap
1 Samuel 13,2026-04-11,,The Bible Recap
1 Samuel 14,2026-04-11,,The Bible Recap
1 Samuel 15,2026-04-12,,The Bible Recap
1 Samuel 16,2026-04-12,,The Bible Recap
1 Samuel 17,2026-04-12,,The Bible Recap
1 Samuel 18,2026-04-13,,The Bible Recap
1 Samuel 19,2026-04-13,,The Bible Recap
1 Samuel 20,2026-04-13,,The Bible Recap
Psalms 11,2026-04-13,,The Bible Recap
Psalms 59,2026-04-13,,The Bible Recap
1 Samuel 21,2026-04-14,,The Bible Recap
1 Samuel 22,2026-04-14,,The Bible Recap
1 Samuel 23,2026-04-14,,The Bible Recap
1 Samuel 24,2026-04-14,,The Bible Recap
Psalms 7,2026-04-15,,The Bible Recap
Psalms 27,2026-04-15,,The Bible Recap
Psalms 31,2026-04-15,,The Bible Recap
Psalms 34,2026-04-15,,The Bible Recap
Psalms 52,2026-04-15,,The Bible Recap
Psalms 56,2026-04-16,,The Bible Recap
Psalms 120,2026-04-16,,The Bible Recap
Psalms 140,2026-04-16,,The Bible Recap
Psalms 141,2026-04-16,,The Bible Recap
Psalms 142,2026-04-16,,The Bible Recap
1 Samuel 25,2026-04-17,,The Bible Recap
1 Samuel 26,2026-04-17,,The Bible Recap
1 Samuel 27,2026-04-17,,The Bible Recap
Psalms 17,2026-04-18,,The Bible Recap
Psalms 35,2026-04-18,,The Bible Recap
Psalms 54,2026-04-18,,The Bible Recap
Psalms 63,2026-04-18,,The Bible Recap
1 Samuel 28,2026-04-19,,The Bible Recap
1 Samuel 29,2026-04-19,,The Bible Recap
1 Samuel 30,2026-04-19,,The Bible Recap
1 Samuel 31,2026-04-19,,The Bible Recap
Psalms 18,2026-04-19,,The Bible Recap
Psalms 121,2026-04-20,,The Bible Recap
Psalms 123,2026-04-20,,The Bible Recap
Psalms 124,2026-04-20,,The Bible Recap
Psalms 125,2026-04-20,,The Bible Recap
Psalms 128,2026-04-20,,The Bible Recap
Psalms 129,2026-04-20,,The Bible Recap
Psalms 130,2026-04-20,,The Bible Recap
2 Samuel 1,2026-04-21,,The Bible Recap
2 Samuel 2,2026-04-21,,The Bible Recap
2 Samuel 3,2026-04-21,,The Bible Recap
2 Samuel 4,2026-04-21,,The Bible Recap
Psalms 6,2026-04-22,,The Bible Recap
Psalms 8,2026-04-22,,The Bible Recap
Psalms 9,2026-04-22,,The Bible Recap
Psalms 10,2026-04-22,,The Bible Recap
Psalms 14,2026-04-22,,The Bible Recap
Psalms 16,2026-04-22,,The Bible Recap
Psalms 19,2026-04-22,,The Bible Recap
Psalms 21,2026-04-22,,The Bible Recap
1 Chronicles 1,2026-04-23,,The Bible Recap
1 Chronicles 2,2026-04-23,,The Bible Recap
Psalms 43,2026-04-24,,The Bible Recap
Psalms 44,2026-04-24,,The Bible Recap
Psalms 45,2026-04-24,,The Bible Recap
Psalms 49,2026-04-24,,The Bible Recap
Psalms 84,2026-04-24,,The Bible Recap
Psalms 85,2026-04-24,,The Bible Recap
Psalms 87,2026-04-24,,The Bible Recap
1 Chronicles 3,2026-04-25,,The Bible Recap
1 Chronicles 4,2026-04-25,,The Bible Recap
1 Chronicles 5,2026-04-25,,The Bible Recap
Psalms 73,2026-04-26,,The Bible Recap
Psalms 77,2026-04-26,,The Bible Recap
Psalms 78,2026-04-26,,The Bible Recap
1 Chronicles 6,2026-04-27,,The Bible Recap
Psalms 81,2026-04-28,,The Bible Recap
Psalms 88,2026-04-28,,The Bible Recap
Psalms 92,2026-04-28,,The Bible Recap
Psalms 93,2026-04-28,,The Bible Recap
1 Chronicles 7,2026-04-29,,The Bible Recap
1 Chronicles 8,2026-04-29,,The Bible Recap
1 Chronicles 9,2026-04-29,,The Bible Recap
1 Chronicles 10,2026-04-29,,The Bible Recap
Psalms 102,2026-04-30,,The Bible Recap
Psalms 103,2026-04-30,,The Bible Recap
Psalms 104,2026-04-30,,The Bible Recap
2 Samuel 5,2026-05-01,,The Bible Recap
1 Chronicles 11,2026-05-01,,The Bible Recap
1 Chronicles 12,2026-05-01,,The Bible Recap
Psalms 133,2026-05-02,,The Bible Recap
Psalms 106,2026-05-03,,The Bible Recap
Psalms 107,2026-05-03,,The Bible Recap
1 Chronicles 13,2026-05-04,,The Bible Recap
1 Chronicles 14,2026-05-04,,The Bible Recap
1 Chronicles 15,2026-05-04,,The Bible Recap
1 Chronicles 16,2026-05-04,,The Bible Recap
Psalms 1,2026-05-05,,The Bible Recap
Psalms 2,2026-05-05,,The Bible Recap
Psalms 15,2026-05-05,,The Bible Recap
Psalms 22,2026-05-05,,The Bible Recap
Psalms 23,2026-05-05,,The Bible Recap
Psalms 24,2026-05-05,,The Bible Recap
Psalms 47,2026-05-05,,The Bible Recap
Psalms 68,2026-05-05,,The Bible Recap
Psalms 89,2026-05-06,,The Bible Recap
Psalms 96,2026-05-06,,The Bible Recap
Psalms 100,2026-05-06,,The Bible Recap
Psalms 101,2026-05-06,,The Bible Recap
Psalms 105,2026-05-06,,The Bible Recap
Psalms 132,2026-05-06,,The Bible Recap
2 Samuel 6,2026-05-07,,The Bible Recap
2 Samuel 7,2026-05-07,,The Bible Recap
1 Chronicles 17,2026-05-07,,The Bible Recap
Psalms 25,2026-05-08,,The Bible Recap
Psalms 29,2026-05-08,,The Bible Recap
Psalms 33,2026-05-08,,The Bible Recap
Psalms 36,2026-05-08,,The Bible Recap
Psalms 39,2026-05-08,,The Bible Recap
2 Samuel 8,2026-05-09,,The Bible Recap
2 Samuel 9,2026-05-09,,The Bible Recap
1 Chronicles 18,2026-05-09,,The Bible Recap
Psalms 50,2026-05-10,,The Bible Recap
Psalms 53,2026-05-10,,The Bible Recap
Psalms 60,2026-05-10,,The Bible Recap
Psalms 75,2026-05-10,,The Bible Recap
2 Samuel 10,2026-05-11,,The Bible Recap
1 Chronicles 19,2026-05-11,,The Bible Recap
Psalms 20,2026-05-11,,The Bible Recap
Psalms 65,2026-05-12,,The Bible Recap
Psalms 66,2026-05-12,,The Bible Recap
Psalms 67,2026-05-12,,The Bible Recap
Psalms 69,2026-05-12,,The Bible Recap
Psalms 70,2026-05-12,,The Bible Recap
2 Samuel 11,2026-05-13,,The Bible Recap
2 Samuel 12,2026-05-13,,The Bible Recap
1 Chronicles 20,2026-05-13,,The Bible Recap
Psalms 32,2026-05-14,,The Bible Recap
Psalms 51,2026-05-14,,The Bible Recap
Psalms 86,2026-05-14,,The Bible Recap
Psalms 122,2026-05-14,,The Bible Recap
2 Samuel 13,2026-05-15,,The Bible Recap
2 Samuel 14,2026-05-15,,The Bible Recap
2 Samuel 15,2026-05-15,,The Bible Recap
Psalms 3,2026-05-16,,The Bible Recap
Psalms 4,2026-05-16,,The Bible Recap
Psalms 12,2026-05-16,,The Bible Recap
Psalms 13,2026-05-16,,The Bible Recap
Psalms 28,2026-05-16,,The Bible Recap
Psalms 55,2026-05-16,,The Bible Recap
2 Samuel 16,2026-05-17,,The Bible Recap
2 Samuel 17,2026-05-17,,The Bible Recap
2 Samuel 18,2026-05-17,,The Bible Recap
Psalms 26,2026-05-18,,The Bible Recap
Psalms 40,2026-05-18,,The Bible Recap
Psalms 58,2026-05-18,,The Bible Recap
Psalms 61,2026-05-18,,The Bible Recap
Psalms 62,2026-05-18,,The Bible Recap
Psalms 64,2026-05-18,,The Bible Recap
2 Samuel 19,2026-05-19,,The Bible Recap
2 Samuel 20,2026-05-19,,The Bible Recap
2 Samuel 21,2026-05-19,,The Bible Recap
Psalms 5,2026-05-20,,The Bible Recap
Psalms 38,2026-05-20,,The Bible Recap
Psalms 41,2026-05-20,,The Bible Recap
Psalms 42,2026-05-20,,The Bible Recap
2 Samuel 22,2026-05-21,,The Bible Recap
2 Samuel 23,2026-05-21,,The Bible Recap
Psalms 57,2026-05-21,,The Bible Recap
Psalms 95,2026-05-22,,The Bible Recap
Psalms 97,2026-05-22,,The Bible Recap
Psalms 98,2026-05-22,,The Bible Recap
Psalms 99,2026-05-22,,The Bible Recap
2 Samuel 24,2026-05-23,,The Bible Recap
1 Chronicles 21,2026-05-23,,The Bible Recap
1 Chronicles 22,2026-05-23,,The Bible Recap
Psalms 30,2026-05-23,,The Bible Recap
Psalms 108,2026-05-24,,The Bible Recap
Psalms 109,2026-05-24,,The Bible Recap
Psalms 110,2026-05-24,,The Bible Recap
1 Chronicles 23,2026-05-25,,The Bible Recap
1 Chronicles 24,2026-05-25,,The Bible Recap
1 Chronicles 25,2026-05-25,,The Bible Recap
Psalms 131,2026-05-26,,The Bible Recap
Psalms 138,2026-05-26,,The Bible Recap
Psalms 139,2026-05-26,,The Bible Recap
Psalms 143,2026-05-26,,The Bible Recap
Psalms 144,2026-05-26,,The Bible Recap
Psalms 145,2026-05-26,,The Bible Recap
1 Chronicles 26,2026-05-27,,The Bible Recap
1 Chronicles 27,2026-05-27,,The Bible Recap
1 Chronicles 28,2026-05-27,,The Bible Recap
1 Chronicles 29,2026-05-27,,The Bible Recap
Psalms 127,2026-05-27,,The Bible Recap
Psalms 111,2026-05-28,,The Bible Recap
Psalms 112,2026-05-28,,The Bible Recap
Psalms 113,2026-05-28,,The Bible Recap
Psalms 114,2026-05-28,,The Bible Recap
Psalms 115,2026-05-28,,The Bible Recap
Psalms 116,2026-05-28,,The Bible Recap
Psalms 117,2026-05-28,,The Bible Recap
Psalms 118,2026-05-28,,The Bible Recap
1 Kings 1,2026-05-29,,The Bible Recap
1 Kings 2,2026-05-29,,The Bible Recap
Psalms 37,2026-05-29,,The Bible Recap
Psalms 71,2026-05-29,,The Bible Recap
Psalms 94,2026-05-29,,The Bible Recap
Psalms 119,2026-05-30,,The Bible Recap
1 Kings 3,2026-05-31,,The Bible Recap
1 Kings 4,2026-05-31,,The Bible Recap
2 Chronicles 1,2026-06-01,,The Bible Recap
Psalms 72,2026-06-01,,The Bible Recap
Song of Solomon 1,2026-06-02,,The Bible Recap
Song of Solomon 2,2026-06-02,,The Bible Recap
Song of Solomon 3,2026-06-02,,The Bible Recap
Song of Solomon 4,2026-06-02,,The Bible Recap
Song of Solomon 5,2026-06-02,,The Bible Recap
Song of Solomon 6,2026-06-02,,The Bible Recap
Song of Solomon 7,2026-06-02,,The Bible Recap
Song of Solomon 8,2026-06-02,,The Bible Recap
Proverbs 1,2026-06-03,,The Bible Recap
Proverbs 2,2026-06-03,,The Bible Recap
Proverbs 3,2026-06-03,,The Bible Recap
Proverbs 4,2026-06-04,,The Bible Recap
Proverbs 5,2026-06-04,,The Bible Recap
Proverbs 6,2026-06-04,,The Bible Recap
Proverbs 7,2026-06-05,,The Bible Recap
Proverbs 8,2026-06-05,,The Bible Recap
Proverbs 9,2026-06-05,,The Bible Recap
Proverbs 10,2026-06-06,,The Bible Recap
Proverbs 11,2026-06-06,,The Bible Recap
Proverbs 12,2026-06-06,,The Bible Recap
Proverbs 13,2026-06-07,,The Bible Recap
Proverbs 14,2026-06-07,,The Bible Recap
Proverbs 15,2026-06-07,,The Bible Recap
Proverbs 16,2026-06-08,,The Bible Recap
Proverbs 17,2026-06-08,,The Bible Recap
Proverbs 18,2026-06-08,,The Bible Recap
Proverbs 19,2026-06-09,,The Bible Recap
Proverbs 20,2026-06-09,,The Bible Recap
Proverbs 21,2026-06-09,,The Bible Recap
Proverbs 22,2026-06-10,,The Bible Recap
Proverbs 23,2026-06-10,,The Bible Recap
Proverbs 24,2026-06-10,,The Bible Recap
1 Kings 5,2026-06-11,,The Bible Recap
1 Kings 6,2026-06-11,,The Bible Recap
2 Chronicles 2,2026-06-11,,The Bible Recap
2 Chronicles 3,2026-06-11,,The Bible Recap
1 Kings 7,2026-06-12,,The Bible Recap
2 Chronicles 4,2026-06-12,,The Bible Recap
1 Kings 8,2026-06-13,,The Bible Recap
2 Chronicles 5,2026-06-13,,The Bible Recap
2 Chronicles 6,2026-06-14,,The Bible Recap
2 Chronicles 7,2026-06-14,,The Bible Recap
Psalms 136,2026-06-14,,The Bible Recap
Psalms 134,2026-06-15,,The Bible Recap
Psalms 146,2026-06-15,,The Bible Recap
Psalms 147,2026-06-15,,The Bible Recap
Psalms 148,2026-06-15,,The Bible Recap
Psalms 149,2026-06-15,,The Bible Recap
Psalms 150,2026-06-15,,The Bible Recap
1 Kings 9,2026-06-16,,The Bible Recap
2 Chronicles 8,2026-06-16,,The Bible Recap
Proverbs 25,2026-06-17,,The Bible Recap
Proverbs 26,2026-06-17,,The Bible Recap
Proverbs 27,2026-06-18,,The Bible Recap
Proverbs 28,2026-06-18,,The Bible Recap
Proverbs 29,2026-06-18,,The Bible Recap
Ecclesiastes 1,2026-06-19,,The Bible Recap
Ecclesiastes 2,2026-06-19,,The Bible Recap
Ecclesiastes 3,2026-06-19,,The Bible Recap
Ecclesiastes 4,2026-06-19,,The Bible Recap
Ecclesiastes 5,2026-06-19,,The Bible Recap
Ecclesiastes 6,2026-06-19,,The Bible Recap
Ecclesiastes 7,2026-06-20,,The Bible Recap
Ecclesiastes 8,2026-06-20,,The Bible Recap
Ecclesiastes 9,2026-06-20,,The Bible Recap
Ecclesiastes 10,2026-06-20,,The Bible Recap
Ecclesiastes 11,2026-06-20,,The Bible Recap
Ecclesiastes 12,2026-06-20,,The Bible Recap
1 Kings 10,2026-06-21,,The Bible Recap
1 Kings 11,2026-06-21,,The Bible Recap
2 Chronicles 9,2026-06-21,,The Bible Recap
Proverbs 30,2026-06-22,,The Bible Recap
Proverbs 31,2026-06-22,,The Bible Recap
1 Kings 12,2026-06-23,,The Bible Recap
1 Kings 13,2026-06-23,,The Bible Recap
1 Kings 14,2026-06-23,,The Bible Recap
2 Chronicles 10,2026-06-24,,The Bible Recap
2 Chronicles 11,2026-06-24,,The Bible Recap
2 Chronicles 12,2026-06-24,,The Bible Recap
1 Kings 15,2026-06-25,,The Bible Recap
2 Chronicles 13,2026-06-25,,The Bible Recap
2 Chronicles 14,2026-06-25,,The Bible Recap
2 Chronicles 15,2026-06-25,,The Bible Recap
2 Chronicles 16,2026-06-25,,The Bible Recap
1 Kings 16,2026-06-26,,The Bible Recap
2 Chronicles 17,2026-06-26,,The Bible Recap
1 Kings 17,2026-06-27,,The Bible Recap
1 Kings 18,2026-06-27,,The Bible Recap
1 Kings 19,2026-06-27,,The Bible Recap
1 Kings 20,2026-06-28,,The Bible Recap
1 Kings 21,2026-06-28,,The Bible Recap
1 Kings 22,2026-06-29,,The Bible Recap
2 Chronicles 18,2026-06-29,,The Bible Recap
2 Chronicles 19,2026-06-30,,The Bible Recap
2 Chronicles 20,2026-06-30,,The Bible Recap
2 Chronicles 21,2026-06-30,,The Bible Recap
2 Chronicles 22,2026-06-30,,The Bible Recap
2 Chronicles 23,2026-06-30,,The Bible Recap
Obadiah 1,2026-07-01,,The Bible Recap
Psalms 82,2026-07-01,,The Bible Recap
Psalms 83,2026-07-01,,The Bible Recap
2 Kings 1,2026-07-02,,The Bible Recap
2 Kings 2,2026-07-02,,The Bible Recap
2 Kings 3,2026-07-02,,The Bible Recap
2 Kings 4,2026-07-02,,The Bible Recap
2 Kings 5,2026-07-03,,The Bible Recap
2 Kings 6,2026-07-03,,The Bible Recap
2 Kings 7,2026-07-03,,The Bible Recap
2 Kings 8,2026-07-03,,The Bible Recap
2 Kings 9,2026-07-04,,The Bible Recap
2 Kings 10,2026-07-04,,The Bible Recap
2 Kings 11,2026-07-04,,The Bible Recap
2 Kings 12,2026-07-05,,The Bible Recap
2 Kings 13,2026-07-05,,The Bible Recap
2 Chronicles 24,2026-07-05,,The Bible Recap
2 Kings 14,2026-07-06,,The Bible Recap
2 Chronicles 25,2026-07-06,,The Bible Recap
Jonah 1,2026-07-07,,The Bible Recap
Jonah 2,2026-07-07,,The Bible Recap
Jonah 3,2026-07-07,,The Bible Recap
Jonah 4,2026-07-07,,The Bible Recap
2 Kings 15,2026-07-08,,The Bible Recap
2 Chronicles 26,2026-07-08,,The Bible Recap
Isaiah 1,2026-07-09,,The Bible Recap
Isaiah 2,2026-07-09,,The Bible Recap
Isaiah 3,2026-07-09,,The Bible Recap
Isaiah 4,2026-07-09,,The Bible Recap
Isaiah 5,2026-07-10,,The Bible Recap
Isaiah 6,2026-07-10,,The Bible Recap
Isaiah 7,2026-07-10,,The Bible Recap
Isaiah 8,2026-07-10,,The Bible Recap
Amos 1,2026-07-11,,The Bible Recap
Amos 2,2026-07-11,,The Bible Recap
Amos 3,2026-07-11,,The Bible Recap
Amos 4,2026-07-11,,The Bible Recap
Amos 5,2026-07-11,,The Bible Recap
Amos 6,2026-07-12,,The Bible Recap
Amos 7,2026-07-12,,The Bible Recap
Amos 8,2026-07-12,,The Bible Recap
Amos 9,2026-07-12,,The Bible Recap
2 Chronicles 27,2026-07-13,,The Bible Recap
Isaiah 9,2026-07-13,,The Bible Recap
Isaiah 10,2026-07-13,,The Bible Recap
Isaiah 11,2026-07-13,,The Bible Recap
Isaiah 12,2026-07-13,,The Bible Recap
Micah 1,2026-07-14,,The Bible Recap
Micah 2,2026-07-14,,The Bible Recap
Micah 3,2026-07-14,,The Bible Recap
Micah 4,2026-07-14,,The Bible Recap
Micah 5,2026-07-14,,The Bible Recap
Micah 6,2026-07-14,,The Bible Recap
Micah 7,2026-07-14,,The Bible Recap
2 Chronicles 28,2026-07-15,,The Bible Recap
2 Kings 16,2026-07-15,,The Bible Recap
2 Kings 17,2026-07-15,,The Bible Recap
Isaiah 13,2026-07-16,,The Bible Recap
Isaiah 14,2026-07-16,,The Bible Recap
Isaiah 15,2026-07-16,,The Bible Recap
Isaiah 16,2026-07-16,,The Bible Recap
Isaiah 17,2026-07-16,,The Bible Recap
Isaiah 18,2026-07-17,,The Bible Recap
Isaiah 19,2026-07-17,,The Bible Recap
Isaiah 20,2026-07-17,,The Bible Recap
Isaiah 21,2026-07-17,,The Bible Recap
Isaiah 22,2026-07-17,,The Bible Recap
Isaiah 23,2026-07-18,,The Bible Recap
Isaiah 24,2026-07-18,,The Bible Recap
Isaiah 25,2026-07-18,,The Bible Recap
Isaiah 26,2026-07-18,,The Bible Recap
Isaiah 27,2026-07-18,,The Bible Recap
2 Kings 18,2026-07-19,,The Bible Recap
2 Chronicles 29,2026-07-19,,The Bible Recap
2 Chronicles 30,2026-07-19,,The Bible Recap
2 Chronicles 31,2026-07-19,,The Bible Recap
Psalms 48,2026-07-19,,The Bible Recap
Hosea 1,2026-07-20,,The Bible Recap
Hosea 2,2026-07-20,,The Bible Recap
Hosea 3,2026-07-20,,The Bible Recap
Hosea 4,2026-07-20,,The Bible Recap
Hosea 5,2026-07-20,,The Bible Recap
Hosea 6,2026-07-20,,The Bible Recap
Hosea 7,2026-07-20,,The Bible Recap
Hosea 8,2026-07-21,,The Bible Recap
Hosea 9,2026-07-21,,The Bible Recap
Hosea 10,2026-07-21,,The Bible Recap
Hosea 11,2026-07-21,,The Bible Recap
Hosea 12,2026-07-21,,The Bible Recap
Hosea 13,2026-07-21,,The Bible Recap
Hosea 14,2026-07-21,,The Bible Recap
Isaiah 28,2026-07-22,,The Bible Recap
Isaiah 29,2026-07-22,,The Bible Recap
Isaiah 30,2026-07-22,,The Bible Recap
Isaiah 31,2026-07-23,,The Bible Recap
Isaiah 32,2026-07-23,,The Bible Recap
Isaiah 33,2026-07-23,,The Bible Recap
Isaiah 34,2026-07-23,,The Bible Recap
Isaiah 35,2026-07-24,,The Bible Recap
Isaiah 36,2026-07-24,,The Bible Recap
Isaiah 37,2026-07-25,,The Bible Recap
Isaiah 38,2026-07-25,,The Bible Recap
Isaiah 39,2026-07-25,,The Bible Recap
Psalms 76,2026-07-25,,The Bible Recap
Isaiah 40,2026-07-26,,The Bible Recap
Isaiah 41,2026-07-26,,The Bible Recap
Isaiah 42,2026-07-26,,The Bible Recap
Isaiah 43,2026-07-26,,The Bible Recap
Isaiah 44,2026-07-27,,The Bible Recap
Isaiah 45,2026-07-27,,The Bible Recap
Isaiah 46,2026-07-27,,The Bible Recap
Isaiah 47,2026-07-27,,The Bible Recap
Isaiah 48,2026-07-27,,The Bible Recap
2 Kings 19,2026-07-28,,The Bible Recap
Psalms 46,2026-07-28,,The Bible Recap
Psalms 80,2026-07-28,,The Bible Recap
Psalms 135,2026-07-28,,The Bible Recap
Isaiah 49,2026-07-29,,The Bible Recap
Isaiah 50,2026-07-29,,The Bible Recap
Isaiah 51,2026-07-29,,The Bible Recap
Isaiah 52,2026-07-29,,The Bible Recap
Isaiah 53,2026-07-29,,The Bible Recap
Isaiah 54,2026-07-30,,The Bible Recap
Isaiah 55,2026-07-30,,The Bible Recap
Isaiah 56,2026-07-30,,The Bible Recap
Isaiah 57,2026-07-30,,The Bible Recap
Isaiah 58,2026-07-30,,The Bible Recap
Isaiah 59,2026-07-31,,The Bible Recap
Isaiah 60,2026-07-31,,The Bible Recap
Isaiah 61,2026-07-31,,The Bible Recap
Isaiah 62,2026-07-31,,The Bible Recap
Isaiah 63,2026-07-31,,The Bible Recap
Isaiah 64,2026-08-01,,The Bible Recap
Isaiah 65,2026-08-01,,The Bible Recap
Isaiah 66,2026-08-01,,The Bible Recap
2 Kings 20,2026-08-02,,The Bible Recap
2 Kings 21,2026-08-02,,The Bible Recap
2 Chronicles 32,2026-08-03,,The Bible Recap
2 Chronicles 33,2026-08-03,,The Bible Recap
Nahum 1,2026-08-04,,The Bible Recap
Nahum 2,2026-08-04,,The Bible Recap
Nahum 3,2026-08-04,,The Bible Recap
2 Kings 22,2026-08-05,,The Bible Recap
2 Kings 23,2026-08-05,,The Bible Recap
2 Chronicles 34,2026-08-05,,The Bible Recap
2 Chronicles 35,2026-08-05,,The Bible Recap
Zephaniah 1,2026-08-06,,The Bible Recap
Zephaniah 2,2026-08-06,,The Bible Recap
Zephaniah 3,2026-08-06,,The Bible Recap
Jeremiah 1,2026-08-07,,The Bible Recap
Jeremiah 2,2026-08-07,,The Bible Recap
Jeremiah 3,2026-08-07,,The Bible Recap
Jeremiah 4,2026-08-08,,The Bible Recap
Jeremiah 5,2026-08-08,,The Bible Recap
Jeremiah 6,2026-08-08,,The Bible Recap
Jeremiah 7,2026-08-09,,The Bible Recap
Jeremiah 8,2026-08-09,,The Bible Recap
Jeremiah 9,2026-08-09,,The Bible Recap
Jeremiah 10,2026-08-10,,The Bible Recap
Jeremiah 11,2026-08-10,,The Bible Recap
Jeremiah 12,2026-08-10,,The Bible Recap
Jeremiah 13,2026-08-10,,The Bible Recap
Jeremiah 14,2026-08-11,,The Bible Recap
Jeremiah 15,2026-08-11,,The Bible Recap
Jeremiah 16,2026-08-11,,The Bible Recap
Jeremiah 17,2026-08-11,,The Bible Recap
Jeremiah 18,2026-08-12,,The Bible Recap
Jeremiah 19,2026-08-12,,The Bible Recap
Jeremiah 20,2026-08-12,,The Bible Recap
Jeremiah 21,2026-08-12,,The Bible Recap
Jeremiah 22,2026-08-12,,The Bible Recap
Jeremiah 23,2026-08-13,,The Bible Recap
Jeremiah 24,2026-08-13,,The Bible Recap
Jeremiah 25,2026-08-13,,The Bible Recap
Jeremiah 26,2026-08-14,,The Bible Recap
Jeremiah 27,2026-08-14,,The Bible Recap
Jeremiah 28,2026-08-14,,The Bible Recap
Jeremiah 29,2026-08-14,,The Bible Recap
Jeremiah 30,2026-08-15,,The Bible Recap
Jeremiah 31,2026-08-15,,The Bible Recap
Jeremiah 32,2026-08-16,,The Bible Recap
Jeremiah 33,2026-08-16,,The Bible Recap
Jeremiah 34,2026-08-16,,The Bible Recap
Jeremiah 35,2026-08-17,,The Bible Recap
Jeremiah 36,2026-08-17,,The Bible Recap
Jeremiah 37,2026-08-17,,The Bible Recap
Jeremiah 38,2026-08-18,,The Bible Recap
Jeremiah 39,2026-08-18,,The Bible Recap
Jeremiah 40,2026-08-18,,The Bible Recap
Psalms 74,2026-08-18,,The Bible Recap
Psalms 79,2026-08-18,,The Bible Recap
2 Kings 24,2026-08-19,,The Bible Recap
2 Kings 25,2026-08-19,,The Bible Recap
2 Chronicles 36,2026-08-19,,The Bible Recap
Habakkuk 1,2026-08-20,,The Bible Recap
Habakkuk 2,2026-08-20,,The Bible Recap
Habakkuk 3,2026-08-20,,The Bible Recap
Jeremiah 41,2026-08-21,,The Bible Recap
Jeremiah 42,2026-08-21,,The Bible Recap
Jeremiah 43,2026-08-21,,The Bible Recap
Jeremiah 44,2026-08-21,,The Bible Recap
Jeremiah 45,2026-08-21,,The Bible Recap
Jeremiah 46,2026-08-22,,The Bible Recap
Jeremiah 47,2026-08-22,,The Bible Recap
Jeremiah 48,2026-08-22,,The Bible Recap
Jeremiah 49,2026-08-23,,The Bible Recap
Jeremiah 50,2026-08-23,,The Bible Recap
Jeremiah 51,2026-08-24,,The Bible Recap
Jeremiah 52,2026-08-24,,The Bible Recap
Lamentations 1,2026-08-25,,The Bible Recap
Lamentations 2,2026-08-25,,The Bible Recap
Lamentations 3,2026-08-26,,The Bible Recap
Lamentations 4,2026-08-26,,The Bible Recap
Lamentations 5,2026-08-26,,The Bible Recap
Ezekiel 1,2026-08-27,,The Bible Recap
Ezekiel 2,2026-08-27,,The Bible Recap
Ezekiel 3,2026-08-27,,The Bible Recap
Ezekiel 4,2026-08-27,,The Bible Recap
Ezekiel 5,2026-08-28,,The Bible Recap
Ezekiel 6,2026-08-28,,The Bible Recap
Ezekiel 7,2026-08-28,,The Bible Recap
Ezekiel 8,2026-08-28,,The Bible Recap
Ezekiel 9,2026-08-29,,The Bible Recap
Ezekiel 10,2026-08-29,,The Bible Recap
Ezekiel 11,2026-08-29,,The Bible Recap
Ezekiel 12,2026-08-29,,The Bible Recap
Ezekiel 13,2026-08-30,,The Bible Recap
Ezekiel 14,2026-08-30,,The Bible Recap
Ezekiel 15,2026-08-30,,The Bible Recap
Ezekiel 16,2026-08-31,,The Bible Recap
Ezekiel 17,2026-08-31,,The Bible Recap
Ezekiel 18,2026-09-01,,The Bible Recap
Ezekiel 19,2026-09-01,,The Bible Recap
Ezekiel 20,2026-09-01,,The Bible Recap
Ezekiel 21,2026-09-02,,The Bible Recap
Ezekiel 22,2026-09-02,,The Bible Recap
Ezekiel 23,2026-09-03,,The Bible Recap
Ezekiel 24,2026-09-03,,The Bible Recap
Ezekiel 25,2026-09-04,,The Bible Recap
Ezekiel 26,2026-09-04,,The Bible Recap
Ezekiel 27,2026-09-04,,The Bible Recap
Ezekiel 28,2026-09-05,,The Bible Recap
Ezekiel 29,2026-09-05,,The Bible Recap
Ezekiel 30,2026-09-05,,The Bible Recap
Ezekiel 31,2026-09-06,,The Bible Recap
Ezekiel 32,2026-09-06,,The Bible Recap
Ezekiel 33,2026-09-06,,The Bible Recap
Ezekiel 34,2026-09-07,,The Bible Recap
Ezekiel 35,2026-09-07,,The Bible Recap
Ezekiel 36,2026-09-07,,The Bible Recap
Ezekiel 37,2026-09-08,,The Bible Recap
Ezekiel 38,2026-09-08,,The Bible Recap
Ezekiel 39,2026-09-08,,The Bible Recap
Ezekiel 40,2026-09-09,,The Bible Recap
Ezekiel 41,2026-09-09,,The Bible Recap
Ezekiel 42,2026-09-09,,The Bible Recap
Ezekiel 43,2026-09-10,,The Bible Recap
Ezekiel 44,2026-09-10,,The Bible Recap
Ezekiel 45,2026-09-10,,The Bible Recap
Ezekiel 46,2026-09-11,,The Bible Recap
Ezekiel 47,2026-09-11,,The Bible Recap
Ezekiel 48,2026-09-11,,The Bible Recap
Joel 1,2026-09-12,,The Bible Recap
Joel 2,2026-09-12,,The Bible Recap
Joel 3,2026-09-12,,The Bible Recap
Daniel 1,2026-09-13,,The Bible Recap
Daniel 2,2026-09-13,,The Bible Recap
Daniel 3,2026-09-13,,The Bible Recap
Daniel 4,2026-09-14,,The Bible Recap
Daniel 5,2026-09-14,,The Bible Recap
Daniel 6,2026-09-14,,The Bible Recap
Daniel 7,2026-09-15,,The Bible Recap
Daniel 8,2026-09-15,,The Bible Recap
Daniel 9,2026-09-15,,The Bible Recap
Daniel 10,2026-09-16,,The Bible Recap
Daniel 11,2026-09-16,,The Bible Recap
Daniel 12,2026-09-16,,The Bible Recap
Ezra 1,2026-09-17,,The Bible Recap
Ezra 2,2026-09-17,,The Bible Recap
Ezra 3,2026-09-17,,The Bible Recap
Ezra 4,2026-09-18,,The Bible Recap
Ezra 5,2026-09-18,,The Bible Recap
Ezra 6,2026-09-18,,The Bible Recap
Psalms 137,2026-09-18,,The Bible Recap
Haggai 1,2026-09-19,,The Bible Recap
Haggai 2,2026-09-19,,The Bible Recap
Zechariah 1,2026-09-20,,The Bible Recap
Zechariah 2,2026-09-20,,The Bible Recap
Zechariah 3,2026-09-20,,The Bible Recap
Zechariah 4,2026-09-20,,The Bible Recap
Zechariah 5,2026-09-21,,The Bible Recap
Zechariah 6,2026-09-21,,The Bible Recap
Zechariah 7,2026-09-21,,The Bible Recap
Zechariah 8,2026-09-21,,The Bible Recap
Zechariah 9,2026-09-21,,The Bible Recap
Zechariah 10,2026-09-22,,The Bible Recap
Zechariah 11,2026-09-22,,The Bible Recap
Zechariah 12,2026-09-22,,The Bible Recap
Zechariah 13,2026-09-22,,The Bible Recap
Zechariah 14,2026-09-22,,The Bible Recap
Esther 1,2026-09-23,,The Bible Recap
Esther 2,2026-09-23,,The Bible Recap
Esther 3,2026-09-23,,The Bible Recap
Esther 4,2026-09-23,,The Bible Recap
Esther 5,2026-09-23,,The Bible Recap
Esther 6,2026-09-24,,The Bible Recap
Esther 7,2026-09-24,,The Bible Recap
Esther 8,2026-09-24,,The Bible Recap
Esther 9,2026-09-24,,The Bible Recap
Esther 10,2026-09-24,,The Bible Recap
Ezra 7,2026-09-25,,The Bible Recap
Ezra 8,2026-09-25,,The Bible Recap
Ezra 9,2026-09-25,,The Bible Recap
Ezra 10,2026-09-25,,The Bible Recap
Nehemiah 1,2026-09-26,,The Bible Recap
Nehemiah 2,2026-09-26,,The Bible Recap
Nehemiah 3,2026-09-26,,The Bible Recap
Nehemiah 4,2026-09-26,,The Bible Recap
Nehemiah 5,2026-09-26,,The Bible Recap
Nehemiah 6,2026-09-27,,The Bible Recap
Nehemiah 7,2026-09-27,,The Bible Recap
Nehemiah 8,2026-09-28,,The Bible Recap
Nehemiah 9,2026-09-28,,The Bible Recap
Nehemiah 10,2026-09-28,,The Bible Recap
Nehemiah 11,2026-09-29,,The Bible Recap
Nehemiah 12,2026-09-29,,The Bible Recap
Nehemiah 13,2026-09-29,,The Bible Recap
Psalms 126,2026-09-29,,The Bible Recap
Malachi 1,2026-09-30,,The Bible Recap
Malachi 2,2026-09-30,,The Bible Recap
Malachi 3,2026-09-30,,The Bible Recap
Malachi 4,2026-09-30,,The Bible Recap
Luke 1,2026-10-01,,The Bible Recap
John 1,2026-10-01,,The Bible Recap
Matthew 1,2026-10-02,,The Bible Recap
Luke 2,2026-10-02,,The Bible Recap
Matthew 2,2026-10-03,,The Bible Recap
Matthew 3,2026-10-04,,The Bible Recap
Mark 1,2026-10-04,,The Bible Recap
Luke 3,2026-10-04,,The Bible Recap
Matthew 4,2026-10-05,,The Bible Recap
Luke 4,2026-10-05,,The Bible Recap
Luke 5,2026-10-05,,The Bible Recap
John 2,2026-10-06,,The Bible Recap
John 3,2026-10-06,,The Bible Recap
John 4,2026-10-06,,The Bible Recap
Matthew 8,2026-10-07,,The Bible Recap
Mark 2,2026-10-07,,The Bible Recap
John 5,2026-10-08,,The Bible Recap
Matthew 12,2026-10-09,,The Bible Recap
Mark 3,2026-10-09,,The Bible Recap
Luke 6,2026-10-09,,The Bible Recap
Matthew 5,2026-10-10,,The Bible Recap
Matthew 6,2026-10-10,,The Bible Recap
Matthew 7,2026-10-10,,The Bible Recap
Matthew 9,2026-10-11,,The Bible Recap
Luke 7,2026-10-11,,The Bible Recap
Matthew 11,2026-10-12,,The Bible Recap
Luke 11,2026-10-13,,The Bible Recap
Matthew 13,2026-10-14,,The Bible Recap
Luke 8,2026-10-14,,The Bible Recap
Mark 4,2026-10-15,,The Bible Recap
Mark 5,2026-10-15,,The Bible Recap
Matthew 10,2026-10-16,,The Bible Recap
Matthew 14,2026-10-17,,The Bible Recap
Mark 6,2026-10-17,,The Bible Recap
Luke 9,2026-10-17,,The Bible Recap
John 6,2026-10-18,,The Bible Recap
Matthew 15,2026-10-19,,The Bible Recap
Mark 7,2026-10-19,,The Bible Recap
Matthew 16,2026-10-20,,The Bible Recap
Mark 8,2026-10-20,,The Bible Recap
Matthew 17,2026-10-21,,The Bible Recap
Mark 9,2026-10-21,,The Bible Recap
Matthew 18,2026-10-22,,The Bible Recap
John 7,2026-10-23,,The Bible Recap
John 8,2026-10-23,,The Bible Recap
John 9,2026-10-24,,The Bible Recap
John 10,2026-10-24,,The Bible Recap
Luke 10,2026-10-25,,The Bible Recap
Luke 12,2026-10-26,,The Bible Recap
Luke 13,2026-10-26,,The Bible Recap
Luke 14,2026-10-27,,The Bible Recap
Luke 15,2026-10-27,,The Bible Recap
Luke 16,2026-10-28,,The Bible Recap
Luke 17,2026-10-28,,The Bible Recap
John 11,2026-10-29,,The Bible Recap
Luke 18,2026-10-30,,The Bible Recap
Matthew 19,2026-10-31,,The Bible Recap
Mark 10,2026-10-31,,The Bible Recap
Matthew 20,2026-11-01,,The Bible Recap
Matthew 21,2026-11-01,,The Bible Recap
Luke 19,2026-11-02,,The Bible Recap
Mark 11,2026-11-03,,The Bible Recap
John 12,2026-11-03,,The Bible Recap
Matthew 22,2026-11-04,,The Bible Recap
Mark 12,2026-11-04,,The Bible Recap
Matthew 23,2026-11-05,,The Bible Recap
Luke 20,2026-11-05,,The Bible Recap
Luke 21,2026-11-05,,The Bible Recap
Mark 13,2026-11-06,,The Bible Recap
Matthew 24,2026-11-07,,The Bible Recap
Matthew 25,2026-11-08,,The Bible Recap
Matthew 26,2026-11-09,,The Bible Recap
Mark 14,2026-11-09,,The Bible Recap
Luke 22,2026-11-10,,The Bible Recap
John 13,2026-11-10,,The Bible Recap
John 14,2026-11-11,,The Bible Recap
John 15,2026-11-11,,The Bible Recap
John 16,2026-11-11,,The Bible Recap
John 17,2026-11-11,,The Bible Recap
Matthew 27,2026-11-12,,The Bible Recap
Mark 15,2026-11-12,,The Bible Recap
Luke 23,2026-11-13,,The Bible Recap
John 18,2026-11-13,,The Bible Recap
John 19,2026-11-13,,The Bible Recap
Matthew 28,2026-11-14,,The Bible Recap
Mark 16,2026-11-14,,The Bible Recap
Luke 24,2026-11-15,,The Bible Recap
John 20,2026-11-15,,The Bible Recap
John 21,2026-11-15,,The Bible Recap
Acts 1,2026-11-16,,The Bible Recap
Acts 2,2026-11-16,,The Bible Recap
Acts 3,2026-11-16,,The Bible Recap
Acts 4,2026-11-17,,The Bible Recap
Acts 5,2026-11-17,,The Bible Recap
Acts 6,2026-11-17,,The Bible Recap
Acts 7,2026-11-18,,The Bible Recap
Acts 8,2026-11-18,,The Bible Recap
Acts 9,2026-11-19,,The Bible Recap
Acts 10,2026-11-19,,The Bible Recap
Acts 11,2026-11-20,,The Bible Recap
Acts 12,2026-11-20,,The Bible Recap
Acts 13,2026-11-21,,The Bible Recap
Acts 14,2026-11-21,,The Bible Recap
James 1,2026-11-22,,The Bible Recap
James 2,2026-11-22,,The Bible Recap
James 3,2026-11-22,,The Bible Recap
James 4,2026-11-22,,The Bible Recap
James 5,2026-11-22,,The Bible Recap
Acts 15,2026-11-23,,The Bible Recap
Acts 16,2026-11-23,,The Bible Recap
Galatians 1,2026-11-24,,The Bible Recap
Galatians 2,2026-11-24,,The Bible Recap
Galatians 3,2026-11-24,,The Bible Recap
Galatians 4,2026-11-25,,The Bible Recap
Galatians 5,2026-11-25,,The Bible Recap
Galatians 6,2026-11-25,,The Bible Recap
Acts 17,2026-11-26,,The Bible Recap
1 Thessalonians 1,2026-11-27,,The Bible Recap
1 Thessalonians 2,2026-11-27,,The Bible Recap
1 Thessalonians 3,2026-11-27,,The Bible Recap
1 Thessalonians 4,2026-11-27,,The Bible Recap
1 Thessalonians 5,2026-11-27,,The Bible Recap
2 Thessalonians 1,2026-11-27,,The Bible Recap
2 Thessalonians 2,2026-11-27,,The Bible Recap
2 Thessalonians 3,2026-11-27,,The Bible Recap
Acts 18,2026-11-28,,The Bible Recap
Acts 19,2026-11-28,,The Bible Recap
1 Corinthians 1,2026-11-29,,The Bible Recap
1 Corinthians 2,2026-11-29,,The Bible Recap
1 Corinthians 3,2026-11-29,,The Bible Recap
1 Corinthians 4,2026-11-29,,The Bible Recap
1 Corinthians 5,2026-11-30,,The Bible Recap
1 Corinthians 6,2026-11-30,,The Bible Recap
1 Corinthians 7,2026-11-30,,The Bible Recap
1 Corinthians 8,2026-11-30,,The Bible Recap
1 Corinthians 9,2026-12-01,,The Bible Recap
1 Corinthians 10,2026-12-01,,The Bible Recap
1 Corinthians 11,2026-12-01,,The Bible Recap
1 Corinthians 12,2026-12-02,,The Bible Recap
1 Corinthians 13,2026-12-02,,The Bible Recap
1 Corinthians 14,2026-12-02,,The Bible Recap
1 Corinthians 15,2026-12-03,,The Bible Recap
1 Corinthians 16,2026-12-03,,The Bible Recap
2 Corinthians 1,2026-12-04,,The Bible Recap
2 Corinthians 2,2026-12-04,,The Bible Recap
2 Corinthians 3,2026-12-04,,The Bible Recap
2 Corinthians 4,2026-12-04,,The Bible Recap
2 Corinthians 5,2026-12-05,,The Bible Recap
2 Corinthians 6,2026-12-05,,The Bible Recap
2 Corinthians 7,2026-12-05,,The Bible Recap
2 Corinthians 8,2026-12-05,,The Bible Recap
2 Corinthians 9,2026-12-05,,The Bible Recap
2 Corinthians 10,2026-12-06,,The Bible Recap
2 Corinthians 11,2026-12-06,,The Bible Recap
2 Corinthians 12,2026-12-06,,The Bible Recap
2 Corinthians 13,2026-12-06,,The Bible Recap
Romans 1,2026-12-07,,The Bible Recap
Romans 2,2026-12-07,,The Bible Recap
Romans 3,2026-12-07,,The Bible Recap
Romans 4,2026-12-08,,The Bible Recap
Romans 5,2026-12-08,,The Bible Recap
Romans 6,2026-12-08,,The Bible Recap
Romans 7,2026-12-08,,The Bible Recap
Romans 8,2026-12-09,,The Bible Recap
Romans 9,2026-12-09,,The Bible Recap
Romans 10,2026-12-09,,The Bible Recap
Romans 11,2026-12-10,,The Bible Recap
Romans 12,2026-12-10,,The Bible Recap
Romans 13,2026-12-10,,The Bible Recap
Romans 14,2026-12-11,,The Bible Recap
Romans 15,2026-12-11,,The Bible Recap
Romans 16,2026-12-11,,The Bible Recap
Acts 20,2026-12-12,,The Bible Recap
Acts 21,2026-12-12,,The Bible Recap
Acts 22,2026-12-12,,The Bible Recap
Acts 23,2026-12-12,,The Bible Recap
Acts 24,2026-12-13,,The Bible Recap
Acts 25,2026-12-13,,The Bible Recap
Acts 26,2026-12-13,,The Bible Recap
Acts 27,2026-12-14,,The Bible Recap
Acts 28,2026-12-14,,The Bible Recap
Colossians 1,2026-12-15,,The Bible Recap
Colossians 2,2026-12-15,,The Bible Recap
Colossians 3,2026-12-15,,The Bible Recap
Colossians 4,2026-12-15,,The Bible Recap
Philemon 1,2026-12-15,,The Bible Recap
Ephesians 1,2026-12-16,,The Bible Recap
Ephesians 2,2026-12-16,,The Bible Recap
Ephesians 3,2026-12-16,,The Bible Recap
Ephesians 4,2026-12-16,,The Bible Recap
Ephesians 5,2026-12-16,,The Bible Recap
Ephesians 6,2026-12-16,,The Bible Recap
Philippians 1,2026-12-17,,The Bible Recap
Philippians 2,2026-12-17,,The Bible Recap
Philippians 3,2026-12-17,,The Bible Recap
Philippians 4,2026-12-17,,The Bible Recap
1 Timothy 1,2026-12-18,,The Bible Recap
1 Timothy 2,2026-12-18,,The Bible Recap
1 Timothy 3,2026-12-18,,The Bible Recap
1 Timothy 4,2026-12-18,,The Bible Recap
1 Timothy 5,2026-12-18,,The Bible Recap
1 Timothy 6,2026-12-18,,The Bible Recap
Titus 1,2026-12-19,,The Bible Recap
Titus 2,2026-12-19,,The Bible Recap
Titus 3,2026-12-19,,The Bible Recap
1 Peter 1,2026-12-20,,The Bible Recap
1 Peter 2,2026-12-20,,The Bible Recap
1 Peter 3,2026-12-20,,The Bible Recap
1 Peter 4,2026-12-20,,The Bible Recap
1 Peter 5,2026-12-20,,The Bible Recap
Hebrews 1,2026-12-21,,The Bible Recap
Hebrews 2,2026-12-21,,The Bible Recap
Hebrews 3,2026-12-21,,The Bible Recap
Hebrews 4,2026-12-21,,The Bible Recap
Hebrews 5,2026-12-21,,The Bible Recap
Hebrews 6,2026-12-21,,The Bible Recap
Hebrews 7,2026-12-22,,The Bible Recap
Hebrews 8,2026-12-22,,The Bible Recap
Hebrews 9,2026-12-22,,The Bible Recap
Hebrews 10,2026-12-22,,The Bible Recap
Hebrews 11,2026-12-23,,The Bible Recap
Hebrews 12,2026-12-23,,The Bible Recap
Hebrews 13,2026-12-23,,The Bible Recap
2 Timothy 1,2026-12-24,,The Bible Recap
2 Timothy 2,2026-12-24,,The Bible Recap
2 Timothy 3,2026-12-24,,The Bible Recap
2 Peter 1,2026-12-25,,The Bible Recap
2 Peter 2,2026-12-25,,The Bible Recap
2 Peter 3,2026-12-25,,The Bible Recap
Jude 1,2026-12-25,,The Bible Recap
1 John 1,2026-12-26,,The Bible Recap
1 John 2,2026-12-26,,The Bible Recap
1 John 3,2026-12-26,,The Bible Recap
1 John 4,2026-12-26,,The Bible Recap
1 John 5,2026-12-26,,The Bible Recap
2 John 1,2026-12-27,,The Bible Recap
3 John 1,2026-12-27,,The Bible Recap
Revelation 1,2026-12-28,,The Bible Recap
Revelation 2,2026-12-28,,The Bible Recap
Revelation 3,2026-12-28,,The Bible Recap
Revelation 4,2026-12-28,,The Bible Recap
Revelation 5,2026-12-28,,The Bible Recap
Revelation 6,2026-12-29,,The Bible Recap
Revelation 7,2026-12-29,,The Bible Recap
Revelation 8,2026-12-29,,The Bible Recap
Revelation 9,2026-12-29,,The Bible Recap
Revelation 10,2026-12-29,,The Bible Recap
Revelation 11,2026-12-29,,The Bible Recap
Revelation 12,2026-12-30,,The Bible Recap
Revelation 13,2026-12-30,,The Bible Recap
Revelation 14,2026-12-30,,The Bible Recap
Revelation 15,2026-12-30,,The Bible Recap
Revelation 16,2026-12-30,,The Bible Recap
Revelation 17,2026-12-30,,The Bible Recap
Revelation 18,2026-12-30,,The Bible Recap
Revelation 19,2026-12-31,,The Bible Recap
Revelation 20,2026-12-31,,The Bible Recap
Revelation 21,2026-12-31,,The Bible Recap
Revelation 22,2026-12-31,,The Bible Recap
